filename,label,original_code
CLF289236.jpg,1,CLF 289236.0000
P01902590.jpg,0,P01902590
P02520870.jpg,1,P02520870
LY0272200.jpg,1,LY0272200
P02938082.jpg,0,P02938082
NCY014503.jpg,1,NCY014503
LY0237730.jpg,0,LY0237730
P00412460.jpg,0,P00412460
CLF289227.jpg,1,CLF 289227.0000
MPU1166167.jpg,0,MPU1166167
MPU695893.jpg,1,MPU695893
CLF339054.jpg,1,CLF 339054.0000
CLF216515.jpg,1,CLF 216515.0000
P02742188.jpg,0,P02742188
LY0449401.jpg,0,LY0449401
LY0272649.jpg,1,LY0272649
LY0288454.jpg,1,LY0288454
NCY0072070.jpg,1,NCY0072070
P02761580.jpg,0,P02761580
P01902256.jpg,0,P01902256
P02579476.jpg,1,P02579476
MPU452877.jpg,1,MPU452877
P01064670.jpg,0,P01064670
P02520994.jpg,1,P02520994
CLF355385.jpg,1,CLF 355385.0000
MPU354443.jpg,1,MPU354443
MPU1216214.jpg,1,MPU1216214
P02938240.jpg,0,P02938240
P00122581.jpg,0,P00122581
LY0214637.jpg,1,LY0214637
CLF257690.jpg,1,CLF 257690.0000
P02763986.jpg,0,P02763986
P02497603.jpg,1,P02497603
P01902247.jpg,0,P01902247
P01902627.jpg,0,P01902627
NCY0072094.jpg,1,NCY0072094
P02934194.jpg,0,P02934194
LY0186050.jpg,0,LY0186050
MPU459745.jpg,1,MPU459745
P02743211.jpg,0,P02743211
MPU354027.jpg,1,MPU354027
P02089799.jpg,0,P02089799
MPU1142117.jpg,1,MPU1142117
P00847566.jpg,1,P00847566
LY0288022.jpg,1,LY0288022
P02742248.jpg,0,P02742248
P00903606.jpg,1,P00903606
P02521343.jpg,1,P02521343
P00670761.jpg,0,P00670761
P02937792.jpg,0,P02937792
P00500659.jpg,0,P00500659
LY0272474.jpg,1,LY0272474
MPU1229232.jpg,0,MPU1229232
MPU240990.jpg,1,MPU240990
P00118024.jpg,0,P00118024
LY0285291.jpg,1,LY0285291
P02764406.jpg,0,P02764406
P02550904.jpg,1,P02550904
P00847539.jpg,1,P00847539
MPU253638.jpg,1,MPU253638
P01902699.jpg,0,P01902699
NCY014008.jpg,1,NCY014008
MPU375170.jpg,1,MPU375170
P01738380.jpg,0,P01738380
MPU200281.jpg,1,MPU200281
LY0234368.jpg,0,LY0234368
P02933747.jpg,0,P02933747
P02742856.jpg,0,P02742856
MPU1150616.jpg,1,MPU1150616
LY0287942.jpg,1,LY0287942
LY0288133.jpg,1,LY0288133
CLF338719.jpg,1,CLF 338719.0000
P01902615.jpg,0,P01902615
P02521239.jpg,1,P02521239
MPU697220.jpg,1,MPU697220
P02741937.jpg,0,P02741937
P00872661.jpg,1,P00872661
MPU253351.jpg,1,MPU253351
LY0271290.jpg,1,LY0271290
LY0271528.jpg,1,LY0271528
MPU1335337.jpg,0,MPU1335337
P00904385.jpg,1,P00904385
P02741975.jpg,0,P02741975
P02742210.jpg,0,P02742210
P00589436.jpg,0,P00589436
P00577324.jpg,0,P00577324
P02542747.jpg,1,P02542747
LY0287076.jpg,1,LY0287076
P01902249.jpg,0,P01902249
NCY0070250.jpg,1,NCY0070250
MPU1227273.jpg,0,MPU1227273
LMS09656.jpg,1,LMS09656
MPU1143700.jpg,1,MPU1143700
P02933145.jpg,0,P02933145
P00798852.jpg,0,P00798852
NCY0070320.jpg,1,NCY0070320
P02934208.jpg,0,P02934208
LY0700418.jpg,0,LY0700418
CLF169850.jpg,1,CLF 169850.0000
CLF339549.jpg,1,CLF 339549.0000
LY0288589.jpg,1,LY0288589
P00783762.jpg,1,P00783762
MPU281580.jpg,1,MPU281580
P02573590.jpg,1,P02573590
P02932292.jpg,0,P02932292
P02937721.jpg,0,P02937721
MPU240986.jpg,1,MPU240986
CLF362387.jpg,1,CLF 362387.0000
LY0234489.jpg,0,LY0234489
LY0285688.jpg,1,LY0285688
P00181302.jpg,0,P00181302
LMS09628.jpg,1,LMS09628
MPU321280.jpg,1,MPU321280
LY0286172.jpg,1,LY0286172
P02780725.jpg,0,P02780725
MARS21889.jpg,1,MARS21889
P02521012.jpg,1,P02521012
AUR03928.jpg,1,AUR03928
CLF156784.jpg,1,CLF 156784.0000
P02932354.jpg,0,P02932354
LY0270734.jpg,1,LY0270734
NCY0070513.jpg,1,NCY0070513
MPU1099134.jpg,1,MPU1099134
NCY0072179.jpg,1,NCY0072179
LY0270514.jpg,1,LY0270514
NOU051187.jpg,0,NOU051187
LY0272358.jpg,1,LY0272358
NCY0068870.jpg,1,NCY0068870
P01084377.jpg,1,P01084377
LY0232963.jpg,0,LY0232963
LY0234276.jpg,0,LY0234276
P00608762.jpg,0,P00608762
LY0288824.jpg,1,LY0288824
MPU1141357.jpg,1,MPU1141357
LY0289847.jpg,1,LY0289847
P00872637.jpg,1,P00872637
NCY0068792.jpg,1,NCY0068792
NCY014111.jpg,1,NCY014111
P01902631.jpg,0,P01902631
LY0271209.jpg,1,LY0271209
LY0273097.jpg,1,LY0273097
P02089764.jpg,0,P02089764
P02935405.jpg,0,P02935405
P00402688.jpg,0,P00402688
P0009621.jpg,0,P0009621
LY0286167.jpg,1,LY0286167
P00889365.jpg,1,P00889365
P00438128.jpg,0,P00438128
LY0271128.jpg,1,LY0271128
P02742886.jpg,0,P02742886
MPU166174.jpg,0,MPU166174
P01036616.jpg,1,P01036616
NOU033708.jpg,0,NOU033708
NCY0071361.jpg,1,NCY0071361
CLF216522.jpg,1,CLF 216522.0000
NCY015688.jpg,1,NCY015688
LY0286810.jpg,1,LY0286810
CLF339535.jpg,1,CLF 339535.0000
P02933126.jpg,0,P02933126
P00524979.jpg,0,P00524979
P02761682.jpg,0,P02761682
NCY014152.jpg,1,NCY014152
MPU1141050.jpg,1,MPU1141050
P02566141.jpg,1,P02566141
LY0288615.jpg,1,LY0288615
P02780615.jpg,0,P02780615
MPU140213.jpg,1,MPU140213
MPU1216218.jpg,1,MPU1216218
MPU1220106.jpg,1,MPU1220106
P02938102.jpg,0,P02938102
CLF239700.jpg,1,CLF 239700.0000
P02934309.jpg,0,P02934309
P00118022.jpg,0,P00118022
NOU073562.jpg,0,NOU073562
LY0274925.jpg,1,LY0274925
P02089766.jpg,0,P02089766
P00871723.jpg,1,P00871723
P02552490.jpg,0,P02552490
P01902254.jpg,0,P01902254
CLF181779.jpg,1,CLF 181779.0000
MPU1220282.jpg,1,MPU1220282
CLF338664.jpg,1,CLF 338664.0000
CLF339500.jpg,1,CLF 339500.0000
P00101147.jpg,0,P00101147
MPU1171442.jpg,1,MPU1171442
P01156691.jpg,1,P01156691
LY0271307.jpg,1,LY0271307
P02497505.jpg,1,P02497505
P01066003.jpg,1,P01066003
CLF338982.jpg,1,CLF 338982.0000
P01157297.jpg,0,P01157297
P02932416.jpg,0,P02932416
LY0289247.jpg,1,LY0289247
LY0272727.jpg,1,LY0272727
NCY015184.jpg,1,NCY015184
P01902458.jpg,0,P01902458
P02933159.jpg,0,P02933159
MPU176336.jpg,1,MPU176336
CLF156362.jpg,1,CLF 156362.0000
P02497565.jpg,1,P02497565
LY0270882.jpg,1,LY0270882
P00179835.jpg,0,P00179835
AUR03991.jpg,1,AUR03991
LY0289334.jpg,1,LY0289334
LMS10756.jpg,0,LMS10756
NCY014179.jpg,1,NCY014179
P02938534.jpg,0,P02938534
LY0271168.jpg,1,LY0271168
P02938300.jpg,0,P02938300
LY0289513.jpg,1,LY0289513
LY0275531.jpg,1,LY0275531
LY0287222.jpg,1,LY0287222
CLF294195.jpg,1,CLF 294195.0000
P02780691.jpg,0,P02780691
P02932452.jpg,0,P02932452
P00198356.jpg,0,P00198356
MPU166031.jpg,0,MPU166031
MPU061308.jpg,1,MPU061308
BAIL004307.jpg,0,BAIL004307
LY0286077.jpg,1,LY0286077
LY0289933.jpg,1,LY0289933
CLF314167.jpg,1,CLF 314167.0000
P00402696.jpg,0,P00402696
P02780634.jpg,0,P02780634
P02579792.jpg,1,P02579792
MPU697228.jpg,1,MPU697228
CLF339275.jpg,1,CLF 339275.0000
P02566086.jpg,1,P02566086
MPU202757.jpg,1,MPU202757
P00602557.jpg,0,P00602557
LY0187981.jpg,0,LY0187981
P02934165.jpg,0,P02934165
P02742717.jpg,0,P02742717
LY0288863.jpg,1,LY0288863
P02761766.jpg,0,P02761766
LY0272567.jpg,1,LY0272567
P02089759.jpg,0,P02089759
MPU1029983.jpg,1,MPU1029983
P02520741.jpg,1,P02520741
P00856303.jpg,1,P00856303
CLF330308.jpg,1,CLF 330308.0000
LY0272098.jpg,1,LY0272098
MPU253653.jpg,1,MPU253653
P00870567.jpg,1,P00870567
LY0275290.jpg,1,LY0275290
MJSD023245.jpg,1,MJSD023245
MARS21924.jpg,1,MARS21924
P02938360.jpg,0,P02938360
P02521351.jpg,1,P02521351
LY0286046.jpg,1,LY0286046
ALF043980.jpg,1,ALF043980
LY0271373.jpg,1,LY0271373
MPU176407.jpg,0,MPU176407
P02933309.jpg,0,P02933309
NCY014151.jpg,1,NCY014151
P00856306.jpg,1,P00856306
P02932404.jpg,0,P02932404
MPU997311.jpg,1,MPU997311
P02934345.jpg,0,P02934345
MPU715437.jpg,1,MPU715437
MPU725028.jpg,0,MPU725028
MPU452894.jpg,1,MPU452894
P02493686.jpg,1,P02493686
P01032033.jpg,0,P01032033
MPU452914.jpg,1,MPU452914
MPU175188.jpg,1,MPU175188
P02566134.jpg,1,P02566134
P00889379.jpg,1,P00889379
MPU1217548.jpg,0,MPU1217548
P02741640.jpg,0,P02741640
NCY014192.jpg,1,NCY014192
P02934300.jpg,0,P02934300
BAIL013296.jpg,0,BAIL013296
LMS09687.jpg,1,LMS09687
LY0237761.jpg,0,LY0237761
NCY013979.jpg,1,NCY013979
P02761439.jpg,0,P02761439
LY0271079.jpg,1,LY0271079
LY0234141.jpg,0,LY0234141
ALF046482.jpg,1,ALF046482
LY0234408.jpg,0,LY0234408
P02579092.jpg,1,P02579092
MPU1150820.jpg,1,MPU1150820
NCY0069227.jpg,1,NCY0069227
P02521131.jpg,1,P02521131
LY0214765.jpg,1,LY0214765
LY0270573.jpg,1,LY0270573
P00761851.jpg,0,P00761851
CLF339114.jpg,1,CLF 339114.0000
P02937989.jpg,0,P02937989
P02763623.jpg,0,P02763623
CLF167194.jpg,1,CLF 167194.0000
BAIL001485.jpg,1,BAIL001485
LY0275661.jpg,1,LY0275661
LY0234405.jpg,0,LY0234405
NCY015718.jpg,1,NCY015718
LY0286583.jpg,1,LY0286583
NCY0068790.jpg,1,NCY0068790
P02493498.jpg,1,P02493498
LY0288435.jpg,1,LY0288435
LY0285476.jpg,1,LY0285476
LYJB004639.jpg,1,LYJB004639
LY0275449.jpg,1,LY0275449
P02397942.jpg,1,P02397942
NCY0070620.jpg,1,NCY0070620
P00903604.jpg,1,P00903604
P00904393.jpg,1,P00904393
NCY0069083.jpg,1,NCY0069083
LY0287523.jpg,1,LY0287523
LMS10704.jpg,1,LMS10704
P00144737.jpg,0,P00144737
MPU1217431.jpg,1,MPU1217431
P02750228.jpg,0,P02750228
P02938051.jpg,0,P02938051
P01030759.jpg,1,P01030759
MPU452891.jpg,1,MPU452891
P02937924.jpg,0,P02937924
P00088004.jpg,0,P00088004
NCY0069226.jpg,1,NCY0069226
P00402657.jpg,0,P00402657
P02938370.jpg,0,P02938370
MPU715485.jpg,1,MPU715485
P02938421.jpg,0,P02938421
P00118017.jpg,0,P00118017
MPU1266616.jpg,0,MPU1266616
P00626492.jpg,0,P00626492
LY0214545.jpg,1,LY0214545
P02761479.jpg,0,P02761479
MPU384739.jpg,0,MPU384739
P02742311.jpg,0,P02742311
NCY0070204.jpg,1,NCY0070204
MPU183151.jpg,0,MPU183151
P02542780.jpg,1,P02542780
P02552492.jpg,0,P02552492
P02742820.jpg,0,P02742820
LY0287543.jpg,1,LY0287543
P02935766.jpg,0,P02935766
LY0285072.jpg,1,LY0285072
MPU208344.jpg,1,MPU208344
LY0213980.jpg,1,LY0213980
P01067519.jpg,1,P01067519
P02742312.jpg,0,P02742312
P02396003.jpg,1,P02396003
MPU1166146.jpg,0,MPU1166146
P02932947.jpg,0,P02932947
LY0214976.jpg,1,LY0214976
MPU1150889.jpg,1,MPU1150889
MPU078274.jpg,1,MPU078274
CLF339168.jpg,1,CLF 339168.0000
LY0270879.jpg,1,LY0270879
CLF156746.jpg,1,CLF 156746.0000
MPU108603.jpg,1,MPU108603
P02937876.jpg,0,P02937876
MPU460270.jpg,1,MPU460270
P02935781.jpg,0,P02935781
MPU253353.jpg,1,MPU253353
CLF168574.jpg,1,CLF 168574.0000
LY0289438.jpg,1,LY0289438
LY0271432.jpg,1,LY0271432
LY0274870.jpg,1,LY0274870
P02742848.jpg,0,P02742848
P01064880.jpg,0,P01064880
LY0287513.jpg,1,LY0287513
LY0275839.jpg,1,LY0275839
MPU1151032.jpg,1,MPU1151032
MPU1146242.jpg,1,MPU1146242
MPU1150923.jpg,1,MPU1150923
P02938440.jpg,0,P02938440
P02520885.jpg,1,P02520885
LY0285711.jpg,1,LY0285711
P00889352.jpg,1,P00889352
CLF167192.jpg,1,CLF 167192.0000
CLF167228.jpg,1,CLF 167228.0000
P00589371.jpg,0,P00589371
MPU1140857.jpg,1,MPU1140857
P02550735.jpg,1,P02550735
CLF330155.jpg,1,CLF 330155.0000
CLF289197.jpg,1,CLF 289197.0000
P02599900.jpg,1,P02599900
CLF339188.jpg,1,CLF 339188.0000
MPU1218664.jpg,1,MPU1218664
NOU073469.jpg,0,NOU073469
CLF156738.jpg,1,CLF 156738.0000
P01199668.jpg,1,P01199668
CLF156763.jpg,1,CLF 156763.0000
CLF314113.jpg,1,CLF 314113.0000
MPU697231.jpg,1,MPU697231
P02938348.jpg,0,P02938348
LY0275144.jpg,1,LY0275144
P01065700.jpg,0,P01065700
NCY0072136.jpg,1,NCY0072136
LY0289470.jpg,1,LY0289470
LY0272520.jpg,1,LY0272520
P00426671.jpg,0,P00426671
LY0212286.jpg,1,LY0212286
P00783779.jpg,1,P00783779
LY0275564.jpg,1,LY0275564
LY0285539.jpg,1,LY0285539
MPU1227271.jpg,0,MPU1227271
LY0286717.jpg,1,LY0286717
P02938017.jpg,0,P02938017
P00425765.jpg,0,P00425765
P02651854.jpg,1,P02651854
P02933439.jpg,0,P02933439
MPU1142488.jpg,1,MPU1142488
LY0272824.jpg,1,LY0272824
LY0287043.jpg,1,LY0287043
P00101227.jpg,0,P00101227
LY0286552.jpg,1,LY0286552
MPU253357.jpg,1,MPU253357
NCY0070597.jpg,1,NCY0070597
P01065703.jpg,0,P01065703
NOU072897.jpg,0,NOU072897
LY0285790.jpg,1,LY0285790
P02520594.jpg,1,P02520594
LY0276049.jpg,0,LY0276049
P02937769.jpg,0,P02937769
P02938279.jpg,0,P02938279
NOU033717.jpg,0,NOU033717
LY0287286.jpg,1,LY0287286
CLF339229.jpg,1,CLF 339229.0000
LY0270614.jpg,1,LY0270614
LY0289453.jpg,1,LY0289453
P02933720.jpg,0,P02933720
MPU061674.jpg,1,MPU061674
P01902782.jpg,0,P01902782
LY0288686.jpg,1,LY0288686
LY0188180.jpg,0,LY0188180
CLF257804.jpg,1,CLF 257804.0000
P02933798.jpg,0,P02933798
CLF257653.jpg,1,CLF 257653.0000
MPU1218615.jpg,1,MPU1218615
CLF239107.jpg,1,CLF 239107.0000
P02937920.jpg,0,P02937920
P02938374.jpg,0,P02938374
LY0214116.jpg,1,LY0214116
MPU430612.jpg,0,MPU430612
P02566396.jpg,1,P02566396
P02938214.jpg,0,P02938214
LY0289676.jpg,1,LY0289676
P02937959.jpg,0,P02937959
CLF339033.jpg,1,CLF 339033.0000
P00641435.jpg,0,P00641435
LY0286630.jpg,1,LY0286630
P00904327.jpg,1,P00904327
LY0214016.jpg,1,LY0214016
P02932396.jpg,0,P02932396
P02579482.jpg,1,P02579482
MHLCLF09462.jpg,0,MHLCLF09462
MPU1218277.jpg,1,MPU1218277
P02750206.jpg,0,P02750206
MPU1143321.jpg,1,MPU1143321
NCY0070328.jpg,1,NCY0070328
LY0285054.jpg,1,LY0285054
LY0289939.jpg,1,LY0289939
P01902315.jpg,0,P01902315
LY0275762.jpg,1,LY0275762
LY0286805.jpg,1,LY0286805
LY0271916.jpg,1,LY0271916
MPU1234656.jpg,0,MPU1234656
MPU384718.jpg,0,MPU384718
P02933494.jpg,0,P02933494
LY0275765.jpg,1,LY0275765
CLF168301.jpg,1,CLF 168301.0000
P00543873.jpg,0,P00543873
LY0233206.jpg,0,LY0233206
P00438147.jpg,0,P00438147
P00755345.jpg,1,P00755345
CLF168271.jpg,1,CLF 168271.0000
P01817182.jpg,1,P01817182
P02938178.jpg,0,P02938178
P02934192.jpg,0,P02934192
LMS09635.jpg,1,LMS09635
MPU1140568.jpg,1,MPU1140568
P02938504.jpg,0,P02938504
P02780627.jpg,0,P02780627
P00602576.jpg,0,P00602576
P00181310.jpg,0,P00181310
P02550822.jpg,1,P02550822
LY0214659.jpg,1,LY0214659
P00181358.jpg,0,P00181358
MPU458967.jpg,1,MPU458967
MPU1218124.jpg,1,MPU1218124
LY0287261.jpg,1,LY0287261
LY0214423.jpg,1,LY0214423
MPU1218659.jpg,1,MPU1218659
LY0286516.jpg,1,LY0286516
P02933569.jpg,0,P02933569
MARS05228.jpg,0,MARS05228
P02937882.jpg,0,P02937882
LY0210042.jpg,1,LY0210042
MPU202896.jpg,0,MPU202896
LY0288748.jpg,1,LY0288748
P01140931.jpg,1,P01140931
MPU1150755.jpg,1,MPU1150755
NCY0070188.jpg,1,NCY0070188
P00260129.jpg,0,P00260129
MPU274703.jpg,1,MPU274703
CLF339349.jpg,1,CLF 339349.0000
ALF044006.jpg,0,ALF044006
CLF156372.jpg,1,CLF 156372.0000
CLF330354.jpg,1,CLF 330354.0000
P02933646.jpg,0,P02933646
LY0285193.jpg,1,LY0285193
P00589327.jpg,0,P00589327
LY0274876.jpg,1,LY0274876
CLF181680.jpg,1,CLF 181680.0000
P02750448.jpg,0,P02750448
P02493848.jpg,1,P02493848
P02520986.jpg,0,P02520986
P01902721.jpg,0,P01902721
P02761392.jpg,0,P02761392
P02742330.jpg,0,P02742330
P02937917.jpg,0,P02937917
MPU212761.jpg,0,MPU212761
P02933149.jpg,0,P02933149
ALF044610.jpg,1,ALF044610
LY0286891.jpg,1,LY0286891
MPU1188068.jpg,0,MPU1188068
P02521346.jpg,1,P02521346
P02520684.jpg,1,P02520684
P02763619.jpg,0,P02763619
LY0289150.jpg,1,LY0289150
P00755348.jpg,1,P00755348
LY0698703.jpg,1,LY0698703
LY0233960.jpg,0,LY0233960
LY0232975.jpg,0,LY0232975
P02932425.jpg,0,P02932425
P02933733.jpg,0,P02933733
CLF314239.jpg,1,CLF 314239.0000
P02520668.jpg,1,P02520668
P02932457.jpg,0,P02932457
P02742878.jpg,0,P02742878
MPU553583.jpg,1,MPU553583
LY0287024.jpg,1,LY0287024
LY0285399.jpg,1,LY0285399
LY0287055.jpg,1,LY0287055
NOU004812.jpg,0,NOU004812
P01902730.jpg,0,P01902730
P02935437.jpg,0,P02935437
P02521115.jpg,1,P02521115
P02780641.jpg,0,P02780641
P00798879.jpg,0,P00798879
CLF156857.jpg,1,CLF 156857.0000
LY0761422.jpg,1,LY0761422
LY0288985.jpg,1,LY0288985
LY0214381.jpg,1,LY0214381
MPU695884.jpg,1,MPU695884
P00090932.jpg,0,P00090932
NCY0070208.jpg,1,NCY0070208
NCY015450.jpg,1,NCY015450
CLF330253.jpg,1,CLF 330253.0000
P02761568.jpg,0,P02761568
P02934018.jpg,0,P02934018
LY0210074.jpg,1,LY0210074
NOU050330.jpg,0,NOU050330
LY0214770.jpg,1,LY0214770
P00849067.jpg,0,P00849067
BESA011800.jpg,1,BESA011800
CLF167210.jpg,1,CLF 167210.0000
MPU1220286.jpg,1,MPU1220286
P00077863.jpg,0,P00077863
NCY0072097.jpg,1,NCY0072097
LY0270496.jpg,1,LY0270496
LY0276038.jpg,1,LY0276038
MPU108630.jpg,1,MPU108630
LY0214700.jpg,1,LY0214700
NCY014250.jpg,1,NCY014250
LY0289517.jpg,1,LY0289517
P02764418.jpg,0,P02764418
P01817196.jpg,1,P01817196
P02934151.jpg,0,P02934151
MPU1216215.jpg,1,MPU1216215
P02493432.jpg,0,P02493432
CLF213551.jpg,1,CLF 213551.0000
P01902764.jpg,0,P01902764
LY0287403.jpg,1,LY0287403
P00118076.jpg,0,P00118076
MHLCLF08582.jpg,1,MHLCLF08582
LY0234410.jpg,0,LY0234410
LY0287087.jpg,1,LY0287087
LY0273151.jpg,1,LY0273151
P02932494.jpg,0,P02932494
LY0285216.jpg,1,LY0285216
MPU1272981.jpg,0,MPU1272981
LY0287499.jpg,1,LY0287499
P01060214.jpg,1,P01060214
P00784211.jpg,0,P00784211
ALF044014.jpg,1,ALF044014
P02550681.jpg,1,P02550681
P00847520.jpg,1,P00847520
LY0274999.jpg,1,LY0274999
P02937998.jpg,0,P02937998
P02938354.jpg,0,P02938354
LY0286598.jpg,1,LY0286598
CLF213457.jpg,1,CLF 213457.0000
MPU839253.jpg,0,MPU839253
P02937847.jpg,0,P02937847
LMS09650.jpg,1,LMS09650
LYJB056750.jpg,1,LYJB056750
LY0698996.jpg,1,LY0698996
MPU452884.jpg,1,MPU452884
P02932369.jpg,0,P02932369
CLF330265.jpg,1,CLF 330265.0000
P00118066.jpg,0,P00118066
LY0270229.jpg,1,LY0270229
LY0286442.jpg,1,LY0286442
MPU325974.jpg,1,MPU325974
NCY0069352.jpg,1,NCY0069352
P00531286.jpg,0,P00531286
LY0273279.jpg,0,LY0273279
P02493362.jpg,1,P02493362
P01902625.jpg,0,P01902625
MPU415814.jpg,1,MPU415814
NCY015249.jpg,1,NCY015249
CLF156638.jpg,1,CLF 156638.0000
P02935352.jpg,0,P02935352
LY0275645.jpg,1,LY0275645
P00693225.jpg,0,P00693225
P02937845.jpg,0,P02937845
CLF339628.jpg,1,CLF 339628.0000
P00402717.jpg,0,P00402717
P00849617.jpg,0,P00849617
P02935367.jpg,0,P02935367
NOU054957.jpg,0,NOU054957
LY0286480.jpg,1,LY0286480
NCY0042623.jpg,1,NCY0042623
LY0272415.jpg,1,LY0272415
MPU1141330.jpg,1,MPU1141330
P02761367.jpg,0,P02761367
P00181309.jpg,0,P00181309
P01817131.jpg,1,P01817131
LY0275035.jpg,1,LY0275035
LY0285443.jpg,1,LY0285443
NOU036516.jpg,1,NOU036516
LY0288279.jpg,0,LY0288279
LY0234322.jpg,0,LY0234322
MPU459445.jpg,1,MPU459445
P01902245.jpg,0,P01902245
LY0286976.jpg,1,LY0286976
LY0271434.jpg,1,LY0271434
P0009585.jpg,0,P0009585
P00085915.jpg,0,P00085915
P02742851.jpg,0,P02742851
MPU1215550.jpg,1,MPU1215550
P02761449.jpg,0,P02761449
P02935802.jpg,0,P02935802
MPU515566.jpg,1,MPU515566
P00805964.jpg,0,P00805964
P01071185.jpg,0,P01071185
P02938072.jpg,0,P02938072
LY0272250.jpg,1,LY0272250
P01140723.jpg,0,P01140723
P02934158.jpg,0,P02934158
NCY0069050.jpg,1,NCY0069050
P02937912.jpg,0,P02937912
P01902695.jpg,0,P01902695
LY0289202.jpg,1,LY0289202
P00872663.jpg,1,P00872663
P01064692.jpg,0,P01064692
LY0289404.jpg,1,LY0289404
P02933721.jpg,0,P02933721
P00897377.jpg,1,P00897377
P00364645.jpg,0,P00364645
LY0271446.jpg,1,LY0271446
MJSD023263.jpg,1,MJSD023263
P02938491.jpg,0,P02938491
P01000518.jpg,1,P01000518
LY0285811.jpg,1,LY0285811
LY0210249.jpg,1,LY0210249
P02935843.jpg,0,P02935843
P01817124.jpg,1,P01817124
P01036650.jpg,1,P01036650
P01902574.jpg,0,P01902574
P02651838.jpg,1,P02651838
NCY0070008.jpg,1,NCY0070008
P02934180.jpg,0,P02934180
MPU523262.jpg,1,MPU523262
CLF239733.jpg,1,CLF 239733.0000
LY0287802.jpg,1,LY0287802
CLF314109.jpg,1,CLF 314109.0000
P02932401.jpg,0,P02932401
P02493388.jpg,1,P02493388
NCY0072145.jpg,1,NCY0072145
CLF327838.jpg,1,CLF 327838.0000
MPU695916.jpg,1,MPU695916
LY0285824.jpg,1,LY0285824
CLF238684.jpg,1,CLF 238684.0000
CLF229757.jpg,1,CLF 229757.0000
P02938099.jpg,0,P02938099
NCY0074221.jpg,0,NCY0074221
LY0289664.jpg,1,LY0289664
P00800978.jpg,0,P00800978
MPU1291134.jpg,0,MPU1291134
P01738375.jpg,0,P01738375
CLF239078.jpg,1,CLF 239078.0000
NOU072831.jpg,0,NOU072831
P02763979.jpg,0,P02763979
CLF169369.jpg,1,CLF 169369.0000
P00846827.jpg,1,P00846827
LY0288305.jpg,1,LY0288305
P02937677.jpg,0,P02937677
P00904319.jpg,1,P00904319
P0009176.jpg,0,P0009176
MPU459511.jpg,1,MPU459511
LY0271088.jpg,1,LY0271088
CBPF08298.jpg,0,CBPF08298
NCY0070082.jpg,0,NCY0070082
LY0234488.jpg,0,LY0234488
P01060261.jpg,1,P01060261
P02934152.jpg,0,P02934152
MPU176400.jpg,1,MPU176400
P00500638.jpg,0,P00500638
LY0214731.jpg,1,LY0214731
MPU1145776.jpg,1,MPU1145776
MPU581485.jpg,1,MPU581485
LY0275878.jpg,1,LY0275878
P00849627.jpg,0,P00849627
LY0287683.jpg,1,LY0287683
P02550873.jpg,1,P02550873
CLF238679.jpg,1,CLF 238679.0000
P00608744.jpg,0,P00608744
LY0287541.jpg,1,LY0287541
MPU1217948.jpg,1,MPU1217948
MPU485140.jpg,1,MPU485140
P00088003.jpg,0,P00088003
LY0698725.jpg,1,LY0698725
P00085903.jpg,0,P00085903
CLF216467.jpg,1,CLF 216467.0000
P02938092.jpg,0,P02938092
LY0214606.jpg,1,LY0214606
LY0214003.jpg,1,LY0214003
NOU031584.jpg,0,NOU031584
LMS06362.jpg,1,LMS06362
P02937763.jpg,0,P02937763
NCY0068859.jpg,1,NCY0068859
NCY0070432.jpg,1,NCY0070432
NOU031557.jpg,0,NOU031557
P02934323.jpg,0,P02934323
P02780637.jpg,0,P02780637
CLF181727.jpg,1,CLF 181727.0000
LY0287849.jpg,1,LY0287849
P02933738.jpg,0,P02933738
CLF362413.jpg,1,CLF 362413.0000
P02521296.jpg,1,P02521296
P00462970.jpg,0,P00462970
P00181313.jpg,0,P00181313
MPU983030.jpg,0,MPU983030
P02521123.jpg,1,P02521123
LY0698862.jpg,1,LY0698862
CLF168502.jpg,1,CLF 168502.0000
LY0288086.jpg,1,LY0288086
P02932290.jpg,0,P02932290
CLF167169.jpg,1,CLF 167169.0000
LY0213809.jpg,1,LY0213809
P00608897.jpg,0,P00608897
MPU274674.jpg,1,MPU274674
LY0287817.jpg,1,LY0287817
MPU485190.jpg,1,MPU485190
MPU1356992.jpg,0,MPU1356992
LY0210104.jpg,1,LY0210104
P01902648.jpg,0,P01902648
MPU037390.jpg,1,MPU037390
NOU073461.jpg,0,NOU073461
LY0274900.jpg,1,LY0274900
MJSD022534.jpg,1,MJSD022534
P02741661.jpg,0,P02741661
P00761844.jpg,0,P00761844
P02521339.jpg,1,P02521339
P02741847.jpg,0,P02741847
P02579468.jpg,1,P02579468
LY0272792.jpg,1,LY0272792
LY0285582.jpg,1,LY0285582
P01064680.jpg,0,P01064680
P02933435.jpg,0,P02933435
P02761460.jpg,0,P02761460
CLF362247.jpg,1,CLF 362247.0000
P00330802.jpg,0,P00330802
LY0288248.jpg,1,LY0288248
NOU030641.jpg,0,NOU030641
NOU033713.jpg,0,NOU033713
P00402737.jpg,0,P00402737
MPU1151029.jpg,1,MPU1151029
LY0272120.jpg,1,LY0272120
NCY015641.jpg,1,NCY015641
P02933783.jpg,0,P02933783
LY0289051.jpg,1,LY0289051
LY0272206.jpg,1,LY0272206
CLF339311.jpg,0,CLF 339311.0000
MPU212052.jpg,0,MPU212052
P00903635.jpg,1,P00903635
P00087847.jpg,0,P00087847
LY0288018.jpg,1,LY0288018
P01902353.jpg,0,P01902353
LIMO15654.jpg,1,LIMO15654
NCY0068945.jpg,1,NCY0068945
P02933110.jpg,0,P02933110
NCY0072105.jpg,1,NCY0072105
MPU515798.jpg,1,MPU515798
P00426027.jpg,0,P00426027
LY0286381.jpg,1,LY0286381
P00260267.jpg,0,P00260267
P02497561.jpg,1,P02497561
P02938223.jpg,0,P02938223
P02742790.jpg,0,P02742790
P00392054.jpg,0,P00392054
P02937829.jpg,0,P02937829
NCY0069128.jpg,1,NCY0069128
P01062429.jpg,1,P01062429
LY0286713.jpg,1,LY0286713
P02520593.jpg,1,P02520593
LY0287782.jpg,1,LY0287782
P00679475.jpg,0,P00679475
LY0272302.jpg,1,LY0272302
P02933093.jpg,0,P02933093
P00592863.jpg,0,P00592863
P02493875.jpg,1,P02493875
NCY0071494.jpg,1,NCY0071494
MPU1272982.jpg,0,MPU1272982
CLF330162.jpg,1,CLF 330162.0000
P00187052.jpg,0,P00187052
P01817172.jpg,1,P01817172
ALF046447.jpg,1,ALF046447
P02938174.jpg,0,P02938174
MPU1199507.jpg,0,MPU1199507
P02934154.jpg,0,P02934154
AUR03929.jpg,1,AUR03929
P00181815.jpg,0,P00181815
MPU1150654.jpg,1,MPU1150654
MPU1384631.jpg,1,MPU1384631
LY0237690.jpg,0,LY0237690
P02933095.jpg,0,P02933095
P02761651.jpg,0,P02761651
P00870548.jpg,1,P00870548
P02937543.jpg,0,P02937543
ALF044608.jpg,1,ALF044608
LY0237732.jpg,0,LY0237732
P00780934.jpg,0,P00780934
NCY014258.jpg,1,NCY014258
MPU241008.jpg,1,MPU241008
P02938204.jpg,0,P02938204
P02763606.jpg,0,P02763606
CLF156418.jpg,1,CLF 156418.0000
CLF330174.jpg,1,CLF 330174.0000
P02938234.jpg,0,P02938234
P00198367.jpg,0,P00198367
P0009555.jpg,0,P0009555
NOU054956.jpg,0,NOU054956
P02497477.jpg,1,P02497477
P00500674.jpg,0,P00500674
NCY015702.jpg,0,NCY015702
LY0273272.jpg,1,LY0273272
P02932739.jpg,0,P02932739
P02761567.jpg,0,P02761567
P02780647.jpg,0,P02780647
NCY0071502.jpg,1,NCY0071502
P02938451.jpg,0,P02938451
P01817108.jpg,1,P01817108
LY0287292.jpg,1,LY0287292
P00118034.jpg,0,P00118034
LY0233882.jpg,0,LY0233882
CLF216504.jpg,1,CLF 216504.0000
NCY007873.jpg,0,NCY007873
NOU072840.jpg,0,NOU072840
MPU204339.jpg,0,MPU204339
P00746140.jpg,1,P00746140
CLF339176.jpg,1,CLF 339176.0000
P02742336.jpg,0,P02742336
LY0234285.jpg,0,LY0234285
LY0285354.jpg,1,LY0285354
NCY0070104.jpg,1,NCY0070104
MPU384707.jpg,0,MPU384707
P02089997.jpg,0,P02089997
CLF169724.jpg,1,CLF 169724.0000
P00312764.jpg,0,P00312764
CLF169475.jpg,1,CLF 169475.0000
P01902305.jpg,0,P01902305
P00735914.jpg,0,P00735914
P02542721.jpg,1,P02542721
LY0274445.jpg,1,LY0274445
LY0234413.jpg,0,LY0234413
MPU1291132.jpg,0,MPU1291132
P0009557.jpg,0,P0009557
LY0288818.jpg,1,LY0288818
P02932403.jpg,0,P02932403
P00889354.jpg,1,P00889354
P00635462.jpg,0,P00635462
NCY0069473.jpg,1,NCY0069473
MPU384719.jpg,0,MPU384719
P01157293.jpg,0,P01157293
P02932547.jpg,0,P02932547
P01656605.jpg,0,P01656605
CLF339436.jpg,1,CLF 339436.0000
MPU1218623.jpg,0,MPU1218623
P01030756.jpg,1,P01030756
P02761577.jpg,0,P02761577
P02741638.jpg,0,P02741638
MPU108613.jpg,1,MPU108613
NCY0071843.jpg,1,NCY0071843
MPU183286.jpg,0,MPU183286
MPU459508.jpg,1,MPU459508
CLF216509.jpg,1,CLF 216509.0000
NOU021294.jpg,0,NOU021294
P02651859.jpg,1,P02651859
NOU054904.jpg,0,NOU054904
CLF330359.jpg,1,CLF 330359.0000
NOU073549.jpg,0,NOU073549
LY0288451.jpg,1,LY0288451
MPU1142036.jpg,1,MPU1142036
P00260209.jpg,0,P00260209
MPU1220373.jpg,1,MPU1220373
LY0272292.jpg,1,LY0272292
P02741949.jpg,0,P02741949
P00500670.jpg,0,P00500670
LY0287975.jpg,1,LY0287975
P00402663.jpg,0,P00402663
BESA011625.jpg,1,BESA011625
LY0286476.jpg,1,LY0286476
P01064689.jpg,0,P01064689
P00856328.jpg,1,P00856328
MPU1150613.jpg,1,MPU1150613
LY0214626.jpg,1,LY0214626
P02761574.jpg,0,P02761574
LY0210105.jpg,1,LY0210105
MJSD023251.jpg,1,MJSD023251
P02579124.jpg,1,P02579124
MPU1203281.jpg,0,MPU1203281
P02695066.jpg,0,P02695066
CBPF07492.jpg,0,CBPF07492
LY0289179.jpg,1,LY0289179
LY0270416.jpg,1,LY0270416
P02493448.jpg,1,P02493448
P00181311.jpg,0,P00181311
MPU321242.jpg,1,MPU321242
NCY0068889.jpg,1,NCY0068889
P01072609.jpg,0,P01072609
MPU326375.jpg,1,MPU326375
P02934270.jpg,0,P02934270
MPU1217573.jpg,1,MPU1217573
P02089867.jpg,0,P02089867
P02573554.jpg,1,P02573554
P02761543.jpg,0,P02761543
CLF181327.jpg,1,CLF 181327.0000
MPU321282.jpg,1,MPU321282
LY0289440.jpg,1,LY0289440
CLF168554.jpg,1,CLF 168554.0000
LY0287828.jpg,1,LY0287828
NOU033689.jpg,0,NOU033689
NCY0071903.jpg,1,NCY0071903
P02933675.jpg,0,P02933675
LY0233189.jpg,0,LY0233189
CLF156773.jpg,1,CLF 156773.0000
P02932556.jpg,0,P02932556
P00392034.jpg,0,P00392034
LY0275376.jpg,1,LY0275376
P00589402.jpg,0,P00589402
MPU219378.jpg,1,MPU219378
P00402695.jpg,0,P00402695
CLF167292.jpg,1,CLF 167292.0000
LY0271211.jpg,1,LY0271211
P02780655.jpg,0,P02780655
LY0274871.jpg,1,LY0274871
P00217975.jpg,0,P00217975
NCY0070125.jpg,1,NCY0070125
MPU208319.jpg,1,MPU208319
P02493635.jpg,1,P02493635
MPU1217900.jpg,1,MPU1217900
P02935794.jpg,0,P02935794
P02542756.jpg,1,P02542756
P02933124.jpg,0,P02933124
LY0287864.jpg,1,LY0287864
LY0270384.jpg,1,LY0270384
MPU384740.jpg,0,MPU384740
MPU241006.jpg,1,MPU241006
P02933688.jpg,0,P02933688
MPU321326.jpg,1,MPU321326
MPU227735.jpg,1,MPU227735
P02497494.jpg,1,P02497494
CLF167235.jpg,1,CLF 167235.0000
CLF169869.jpg,1,CLF 169869.0000
MPU281581.jpg,1,MPU281581
LY0288196.jpg,1,LY0288196
P0008991.jpg,0,P0008991
LY0275389.jpg,1,LY0275389
P00955097.jpg,0,P00955097
